<application>
  <component name="FindSettings">
    <option name="customScope" value="File '...\Assets\_Root\Scripts\Game\Views\LeaderboardProvider.cs'" />
    <option name="defaultScopeName" value="File '...\Assets\_Root\Scripts\Game\Views\LeaderboardProvider.cs'" />
    <option name="localRegularExpressions" value="true" />
    <option name="LOCAL_REGULAR_EXPRESSIONS" value="true" />
    <option name="SEARCH_SCOPE" value="File '...\Assets\_Root\Scripts\Game\Views\LeaderboardProvider.cs'" />
    <mask>*.properties</mask>
    <mask>*.html</mask>
    <mask>*.jsp</mask>
    <mask>*.xml</mask>
    <mask>*.java</mask>
    <mask>*.js</mask>
    <mask>*.as</mask>
    <mask>*.css</mask>
    <mask>*.mxml</mask>
    <mask>*.cs</mask>
    <mask>*.*</mask>
  </component>
</application>